2025-04-24T16:03:42.273110,prompt
2025-04-24T16:33:15,prompt
2025-04-24T16:43:51,prompt
2025-04-24T17:00:00,prompt
2025-04-24T17:39:11,prompt
2025-04-24T17:39:22,prompt
2025-04-24T17:39:28,done
2025-04-24T17:39:33,prompt
2025-04-24T17:39:33,skip
2025-04-24T17:39:33,done
2025-04-24T17:39:46,prompt
2025-04-24T17:39:46,skip
2025-04-24T17:39:46,done
2025-04-24T17:40:03,prompt
2025-04-24T17:40:24,prompt
2025-04-24T17:40:40,prompt
2025-04-24T17:40:46,done
2025-04-25T10:30:11,prompt
2025-04-25T15:39:23,prompt
2025-04-25T15:40:03,prompt
